<?xml version='1.0' encoding='UTF-8'?>

<!--
   A simple configuration for a Host Controller that only acts as the master domain controller
   and does not itself directly control any servers.
-->
<host name="master" xmlns="urn:jboss:domain:1.4">

    <management>
        <security-realms>
            <security-realm name="ManagementRealm">
                <authentication>
                    <local default-user="$local" />
                    <properties path="mgmt-users.properties" relative-to="jboss.domain.config.dir"/>
                </authentication>
            </security-realm>
            <security-realm name="ApplicationRealm">
                <authentication>
                     <local default-user="$local" allowed-users="*" />
                     <properties path="application-users.properties" relative-to="jboss.domain.config.dir" />
                </authentication>
                <authorization>
                    <properties path="application-roles.properties" relative-to="jboss.domain.config.dir"/>
                </authorization>
            </security-realm>
        </security-realms>
        <management-interfaces>
            <native-interface>
                <socket interface="management" port="${jboss.management.native.port:9999}"/>
            </native-interface>
            <http-interface>
                <socket interface="management" port="${jboss.management.http.port:9990}"/>
            </http-interface>
        </management-interfaces>
    </management>

    <domain-controller>
       <local/>
    </domain-controller>

    <interfaces>
        <interface name="management">
            <inet-address value="${jboss.bind.address.management:127.0.0.1}"/>
        </interface>
    </interfaces>

    <jvms>
   	   <jvm name="default">
            <heap size="64m" max-size="256m"/>
            <permgen size="256m" max-size="256m"/>
              <jvm-options>
                  <option value="-server"/>
              </jvm-options>
         </jvm>
   	</jvms>

</host>
