<?xml version="1.0" encoding="UTF-8"?>

<!--
  ~ JBoss, Home of Professional Open Source.
  ~ Copyright 2010, Red Hat, Inc., and individual contributors
  ~ as indicated by the @author tags. See the copyright.txt file in the
  ~ distribution for a full listing of individual contributors.
  ~
  ~ This is free software; you can redistribute it and/or modify it
  ~ under the terms of the GNU Lesser General Public License as
  ~ published by the Free Software Foundation; either version 2.1 of
  ~ the License, or (at your option) any later version.
  ~
  ~ This software is distributed in the hope that it will be useful,
  ~ but WITHOUT ANY WARRANTY; without even the implied warranty of
  ~ MERCHANTABILITY or FITNESS FOR A PARTICULAR PURPOSE. See the GNU
  ~ Lesser General Public License for more details.
  ~
  ~ You should have received a copy of the GNU Lesser General Public
  ~ License along with this software; if not, write to the Free
  ~ Software Foundation, Inc., 51 Franklin St, Fifth Floor, Boston, MA
  ~ 02110-1301 USA, or see the FSF site: http://www.fsf.org.
  -->

<module xmlns="urn:jboss:module:1.0" name="org.torquebox.bootstrap">

    <resources>
        <resource-root path="torquebox-bootstrap.jar"/>
    </resources>

    <exports>
      <include-set>
        <path name="org/jruby"/>
        <path name="org/jruby/libraries"/>
        <path name="org/jruby/**"/>
        <path name="org/yaml"/>
        <path name="org/yaml/snakeyaml"/>
        <path name="org/yaml/snakeyaml/error"/>
        <path name="org/yaml/**"/>
      </include-set>
    </exports>

    <dependencies>
        <module name="javax.api"/>
        <module name="org.jboss.staxmapper"/>
        <module name="org.jboss.as.controller"/>
        <module name="org.jboss.as.deployment-repository"/>
        <module name="org.jboss.as.jmx"/>
        <module name="org.jboss.as.server"/>
        <module name="org.jboss.modules"/>
        <module name="org.jboss.msc"/>
        <module name="org.jboss.logging"/>
        <module name="org.jboss.vfs"/>
        <module name="sun.jdk"/>
        <module name="ibm.jdk"/>
    </dependencies>
</module>

