<?xml version="1.0" encoding="UTF-8"?>

<!--
  ~ JBoss, Home of Professional Open Source.
  ~ Copyright 2010, Red Hat, Inc., and individual contributors
  ~ as indicated by the @author tags. See the copyright.txt file in the
  ~ distribution for a full listing of individual contributors.
  ~
  ~ This is free software; you can redistribute it and/or modify it
  ~ under the terms of the GNU Lesser General Public License as
  ~ published by the Free Software Foundation; either version 2.1 of
  ~ the License, or (at your option) any later version.
  ~
  ~ This software is distributed in the hope that it will be useful,
  ~ but WITHOUT ANY WARRANTY; without even the implied warranty of
  ~ MERCHANTABILITY or FITNESS FOR A PARTICULAR PURPOSE. See the GNU
  ~ Lesser General Public License for more details.
  ~
  ~ You should have received a copy of the GNU Lesser General Public
  ~ License along with this software; if not, write to the Free
  ~ Software Foundation, Inc., 51 Franklin St, Fifth Floor, Boston, MA
  ~ 02110-1301 USA, or see the FSF site: http://www.fsf.org.
  -->

<module xmlns="urn:jboss:module:1.1" name="org.jboss.as.messaging">
    <properties>
        <property name="jboss.api" value="private"/>
    </properties>

    <resources>
        <resource-root path="jboss-as-messaging-7.2.x.slim.incremental.16.jar"/>
        <!-- Insert resources here -->
    </resources>

    <dependencies>
        <module name="javax.api"/>
        <module name="javax.jms.api"/>
        <module name="javax.transaction.api"/>
        <module name="org.hornetq"/>
        <module name="org.hornetq.ra"/>
        <module name="org.jboss.common-beans"/>
        <module name="org.jboss.as.transactions"/>
        <module name="org.jboss.netty"/>
        <module name="org.jboss.staxmapper"/>
        <module name="org.jboss.as.controller"/>
        <module name="org.jboss.as.ee"/>
        <module name="org.jboss.as.naming"/>
        <module name="org.jboss.as.network"/>
        <module name="org.jboss.as.server"/>
        <module name="org.jboss.modules"/>
        <module name="org.jboss.msc"/>
        <module name="org.jboss.logging"/>
        <module name="org.jboss.ironjacamar.impl"/>
        <module name="org.jboss.ironjacamar.api"/>
        <module name="org.jboss.as.connector" />
        <module name="org.jboss.as.security"/>
        <module name="org.jboss.vfs"/>
        <module name="org.jboss.metadata"/>
        <module name="org.picketbox"/>
        <module name="org.jboss.jboss-transaction-spi"/>
        <module name="org.jboss.remote-naming"/>
        <module name="org.jboss.threads"/>
        <!--  JGroups is required only as an option to cluster HornetQ nodes -->
        <module name="org.jboss.as.clustering.jgroups" optional="true"/>
        <module name="org.jgroups" optional="true"/>
    </dependencies>
</module>
